[
	{
		"anonymous": false,
		"inputs": [
			{
				"indexed": true,
				"internalType": "address",
				"name": "fanClubAddress",
				"type": "address"
			},
			{
				"indexed": true,
				"internalType": "address",
				"name": "owner",
				"type": "address"
			}
		],
		"name": "FanClubCreated",
		"type": "event"
	},
	{
		"inputs": [
			{
				"internalType": "string",
				"name": "_name",
				"type": "string"
			},
			{
				"internalType": "string",
				"name": "_ticker",
				"type": "string"
			},
			{
				"internalType": "string",
				"name": "_sport",
				"type": "string"
			},
			{
				"internalType": "string",
				"name": "_team",
				"type": "string"
			},
			{
				"internalType": "uint256",
				"name": "_price",
				"type": "uint256"
			},
			{
				"internalType": "uint256",
				"name": "_maxSupply",
				"type": "uint256"
			},
			{
				"internalType": "string",
				"name": "_imageUrl",
				"type": "string"
			}
		],
		"name": "createFanClub",
		"outputs": [],
		"stateMutability": "nonpayable",
		"type": "function"
	},
	{
		"inputs": [
			{
				"internalType": "uint256",
				"name": "",
				"type": "uint256"
			}
		],
		"name": "fanClubs",
		"outputs": [
			{
				"internalType": "address",
				"name": "clubAddress",
				"type": "address"
			},
			{
				"internalType": "string",
				"name": "name",
				"type": "string"
			},
			{
				"internalType": "string",
				"name": "ticker",
				"type": "string"
			},
			{
				"internalType": "string",
				"name": "sport",
				"type": "string"
			},
			{
				"internalType": "string",
				"name": "team",
				"type": "string"
			},
			{
				"internalType": "uint256",
				"name": "price",
				"type": "uint256"
			},
			{
				"internalType": "uint256",
				"name": "maxSupply",
				"type": "uint256"
			},
			{
				"internalType": "uint256",
				"name": "passesSold",
				"type": "uint256"
			},
			{
				"internalType": "address",
				"name": "owner",
				"type": "address"
			},
			{
				"internalType": "string",
				"name": "imageUrl",
				"type": "string"
			}
		],
		"stateMutability": "view",
		"type": "function"
	},
	{
		"inputs": [],
		"name": "getAllFanClubs",
		"outputs": [
			{
				"components": [
					{
						"internalType": "address",
						"name": "clubAddress",
						"type": "address"
					},
					{
						"internalType": "string",
						"name": "name",
						"type": "string"
					},
					{
						"internalType": "string",
						"name": "ticker",
						"type": "string"
					},
					{
						"internalType": "string",
						"name": "sport",
						"type": "string"
					},
					{
						"internalType": "string",
						"name": "team",
						"type": "string"
					},
					{
						"internalType": "uint256",
						"name": "price",
						"type": "uint256"
					},
					{
						"internalType": "uint256",
						"name": "maxSupply",
						"type": "uint256"
					},
					{
						"internalType": "uint256",
						"name": "passesSold",
						"type": "uint256"
					},
					{
						"internalType": "address",
						"name": "owner",
						"type": "address"
					},
					{
						"internalType": "string",
						"name": "imageUrl",
						"type": "string"
					}
				],
				"internalType": "struct FanClubFactory.FanClubInfo[]",
				"name": "",
				"type": "tuple[]"
			}
		],
		"stateMutability": "view",
		"type": "function"
	},
	{
		"inputs": [],
		"name": "getFanClubCount",
		"outputs": [
			{
				"internalType": "uint256",
				"name": "",
				"type": "uint256"
			}
		],
		"stateMutability": "view",
		"type": "function"
	},
	{
		"inputs": [
			{
				"internalType": "address",
				"name": "",
				"type": "address"
			},
			{
				"internalType": "uint256",
				"name": "",
				"type": "uint256"
			}
		],
		"name": "ownerToFanClubs",
		"outputs": [
			{
				"internalType": "address",
				"name": "clubAddress",
				"type": "address"
			},
			{
				"internalType": "string",
				"name": "name",
				"type": "string"
			},
			{
				"internalType": "string",
				"name": "ticker",
				"type": "string"
			},
			{
				"internalType": "string",
				"name": "sport",
				"type": "string"
			},
			{
				"internalType": "string",
				"name": "team",
				"type": "string"
			},
			{
				"internalType": "uint256",
				"name": "price",
				"type": "uint256"
			},
			{
				"internalType": "uint256",
				"name": "maxSupply",
				"type": "uint256"
			},
			{
				"internalType": "uint256",
				"name": "passesSold",
				"type": "uint256"
			},
			{
				"internalType": "address",
				"name": "owner",
				"type": "address"
			},
			{
				"internalType": "string",
				"name": "imageUrl",
				"type": "string"
			}
		],
		"stateMutability": "view",
		"type": "function"
	}
]