[
  {
    "time": "new",
    "src": "https://player.vimeo.com/external/436573422.sd.mp4?s=b39a124b4e0ed90b0e6fcf8d4b1677fb91a678d5&profile_id=165&oauth2_token_id=57447761",
    "authorImg": "https://images.pexels.com/photos/3748221/pexels-photo-3748221.jpeg?auto=compress&cs=tinysrgb&dpr=2&w=500",
    "by": "Liverbool Red",
    "sport": "Football",
    "country": "England",
    "name": "Michael Robert",
    "views": "68K",
    "date": "3.1M MCAP"
  },
  {
    "time": "recent",
    "src": "https://player.vimeo.com/external/436573810.sd.mp4?s=f45d5c4e7d07a01eae37ff39b5e4323e792e1e5b&profile_id=164&oauth2_token_id=57447761",
    "authorImg": "https://images.pexels.com/photos/2381069/pexels-photo-2381069.jpeg?auto=compress&cs=tinysrgb&dpr=2&w=500",
    "by": "Chelzea Blues",
    "name": "Dylan Martinez",
    "sport": "Football",
    "country": "Russia",
    "views": "95K",
    "date": "4.5M MCAP"
  },
  {
    "time": "new",
    "src": "https://player.vimeo.com/external/436574388.sd.mp4?s=2b212e5bd5f946e71d724e9e7089b2d6e9f0e4d5&profile_id=164&oauth2_token_id=57447761",
    "authorImg": "https://images.pexels.com/photos/1501934/pexels-photo-1501934.jpeg?auto=compress&cs=tinysrgb&dpr=2&w=500",
    "by": "Leed Gunners",
    "name": "Ethan Wright",
    "sport": "Tennis",
    "country": "USA",
    "views": "82K",
    "date": "3.9M MCAP"
  },
  {
    "time": "popular",
    "src": "https://player.vimeo.com/external/436574986.sd.mp4?s=bc12c8d4e1f70f1e1ab3dc39d2f5d4a6a0de6235&profile_id=139&oauth2_token_id=57447761",
    "authorImg": "https://images.pexels.com/photos/220453/pexels-photo-220453.jpeg?auto=compress&cs=tinysrgb&dpr=2&w=500",
    "by": "Tottenhamer",
    "name": "Harry Lawson",
    "sport": "Football",
    "country": "USA",
    "views": "105K",
    "date": "5.2M MCAP"
  },

  {
    "src": "https://player.vimeo.com/external/436575911.sd.mp4?s=14853d2f0e9252274d925fa4a7f631ee68b56a98&profile_id=165&oauth2_token_id=57447761",
    "authorImg": "https://images.pexels.com/photos/414612/pexels-photo-414612.jpeg?auto=compress&cs=tinysrgb&dpr=2&w=500",
    "by": "Toffees",
    "name": "Samuel Evans",
    "sport": "Soccer",
    "country": "Germany",
    "views": "79K",
    "date": "3.7M MCAP"
  },
  {
    "src": "https://player.vimeo.com/external/436576432.sd.mp4?s=3c948b879d8cb89b3ef6633c7f29a6c40d8c26a1&profile_id=164&oauth2_token_id=57447761",
    "authorImg": "https://images.pexels.com/photos/1222271/pexels-photo-1222271.jpeg?auto=compress&cs=tinysrgb&dpr=2&w=500",
    "by": "Borrusia Wortmund",
    "name": "Oliver Taylor",
    "sport": "Football",
    "country": "England",
    "views": "88K",
    "date": "4.2M MCAP"
  },
  {
    "src": "https://player.vimeo.com/external/436576987.sd.mp4?s=d746cfc4c3e2c37ed4c9b1d4a16c5a0c78c19c07&profile_id=165&oauth2_token_id=57447761",
    "authorImg": "https://images.pexels.com/photos/1043474/pexels-photo-1043474.jpeg?auto=compress&cs=tinysrgb&dpr=2&w=500",
    "by": "Borrusia Wortmund",
    "name": "Luke Harris",
    "sport": "Germany",
    "country": "England",
    "views": "73K",
    "date": "3.5M MCAP"
  },
  {
    "time": "recent",
    "src": "https://player.vimeo.com/external/436577498.sd.mp4?s=5072c5345b6c9f66e5d1b627adf8e5fa12a5de58&profile_id=165&oauth2_token_id=57447761",
    "authorImg": "https://images.pexels.com/photos/3153201/pexels-photo-3153201.jpeg?auto=compress&cs=tinysrgb&dpr=2&w=500",
    "by": "Ham United",
    "name": "James Mason",
    "sport": "Tennis",
    "country": "China",
    "views": "66K",
    "date": "3.2M MCAP"
  },

  {
    "time": "popular",
    "src": "https://player.vimeo.com/external/436579074.sd.mp4?s=d5ae9f0f34d8dd43c5fd8a4b7bba6e961f1f680e&profile_id=164&oauth2_token_id=57447761",
    "authorImg": "https://images.pexels.com/photos/834863/pexels-photo-834863.jpeg?auto=compress&cs=tinysrgb&dpr=2&w=500",
    "by": "Newcastle Stars",
    "name": "Henry Walker",
    "sport": "Basketball",
    "country": "USA",
    "views": "115K",
    "date": "5.9M MCAP"
  }
]
